{
  "DeleteEducation" : {
    "transaction" : "DeleteEducation",
    "sampleCount" : 1528,
    "errorCount" : 0,
    "errorPct" : 0.0,
    "meanResTime" : 338.99803664921455,
    "medianResTime" : 282.0,
    "minResTime" : 3.0,
    "maxResTime" : 4616.0,
    "pct1ResTime" : 336.10000000000014,
    "pct2ResTime" : 429.64999999999986,
    "pct3ResTime" : 2503.9500000000016,
    "throughput" : 2.723329020207529,
    "receivedKBytesPerSec" : 0.5799765975051597,
    "sentKBytesPerSec" : 1.577195483515661
  },
  "ViewShareSkill" : {
    "transaction" : "ViewShareSkill",
    "sampleCount" : 1453,
    "errorCount" : 0,
    "errorPct" : 0.0,
    "meanResTime" : 341.86097728836893,
    "medianResTime" : 282.0,
    "minResTime" : 269.0,
    "maxResTime" : 11181.0,
    "pct1ResTime" : 332.60000000000014,
    "pct2ResTime" : 465.29999999999995,
    "pct3ResTime" : 1711.4400000000023,
    "throughput" : 2.650985772617306,
    "receivedKBytesPerSec" : 0.45563817966859943,
    "sentKBytesPerSec" : 1.457524404280804
  },
  "SignOut" : {
    "transaction" : "SignOut",
    "sampleCount" : 1294,
    "errorCount" : 0,
    "errorPct" : 0.0,
    "meanResTime" : 11.557959814528608,
    "medianResTime" : 6.0,
    "minResTime" : 2.0,
    "maxResTime" : 171.0,
    "pct1ResTime" : 25.0,
    "pct2ResTime" : 34.0,
    "pct3ResTime" : 91.04999999999995,
    "throughput" : 2.3681633922934036,
    "receivedKBytesPerSec" : 4.67388497639157,
    "sentKBytesPerSec" : 0.2775191475343832
  },
  "AddShareSkill" : {
    "transaction" : "AddShareSkill",
    "sampleCount" : 1497,
    "errorCount" : 0,
    "errorPct" : 0.0,
    "meanResTime" : 14810.50968603875,
    "medianResTime" : 2620.0,
    "minResTime" : 541.0,
    "maxResTime" : 108220.0,
    "pct1ResTime" : 62094.0,
    "pct2ResTime" : 93915.79999999999,
    "pct3ResTime" : 99714.3,
    "throughput" : 2.6752589479101885,
    "receivedKBytesPerSec" : 0.5852128948553538,
    "sentKBytesPerSec" : 4.39432182654779
  },
  "DeleteShareSkill" : {
    "transaction" : "DeleteShareSkill",
    "sampleCount" : 1438,
    "errorCount" : 0,
    "errorPct" : 0.0,
    "meanResTime" : 4154.073713490962,
    "medianResTime" : 1770.5,
    "minResTime" : 1080.0,
    "maxResTime" : 126634.0,
    "pct1ResTime" : 6184.600000000002,
    "pct2ResTime" : 15771.299999999997,
    "pct3ResTime" : 50036.87999999999,
    "throughput" : 2.593818486818965,
    "receivedKBytesPerSec" : 0.48127491454648763,
    "sentKBytesPerSec" : 1.4894192092280776
  },
  "Disable/Enable" : {
    "transaction" : "Disable/Enable",
    "sampleCount" : 1450,
    "errorCount" : 0,
    "errorPct" : 0.0,
    "meanResTime" : 7249.317931034473,
    "medianResTime" : 1608.0,
    "minResTime" : 805.0,
    "maxResTime" : 100568.0,
    "pct1ResTime" : 16642.300000000043,
    "pct2ResTime" : 48859.95,
    "pct3ResTime" : 79174.92,
    "throughput" : 2.6050602846881743,
    "receivedKBytesPerSec" : 0.48336079501050105,
    "sentKBytesPerSec" : 1.4704344185056295
  },
  "UpdateSkill" : {
    "transaction" : "UpdateSkill",
    "sampleCount" : 1568,
    "errorCount" : 0,
    "errorPct" : 0.0,
    "meanResTime" : 1233.8533163265315,
    "medianResTime" : 1112.0,
    "minResTime" : 272.0,
    "maxResTime" : 12904.0,
    "pct1ResTime" : 1300.0,
    "pct2ResTime" : 1735.7499999999998,
    "pct3ResTime" : 5032.319999999974,
    "throughput" : 2.751572327044025,
    "receivedKBytesPerSec" : 0.5654885976676564,
    "sentKBytesPerSec" : 1.7800361105481033
  },
  "UpdateEducation" : {
    "transaction" : "UpdateEducation",
    "sampleCount" : 1543,
    "errorCount" : 61,
    "errorPct" : 3.9533377,
    "meanResTime" : 1240.401166558652,
    "medianResTime" : 1169.0,
    "minResTime" : 6.0,
    "maxResTime" : 13157.0,
    "pct1ResTime" : 1701.2000000000003,
    "pct2ResTime" : 1918.1999999999998,
    "pct3ResTime" : 4786.12,
    "throughput" : 2.707559055670783,
    "receivedKBytesPerSec" : 0.5682434458382905,
    "sentKBytesPerSec" : 1.9382611445534723
  },
  "SearchSkillByCategory" : {
    "transaction" : "SearchSkillByCategory",
    "sampleCount" : 1428,
    "errorCount" : 0,
    "errorPct" : 0.0,
    "meanResTime" : 31673.690476190473,
    "medianResTime" : 9820.5,
    "minResTime" : 3641.0,
    "maxResTime" : 155894.0,
    "pct1ResTime" : 134163.90000000002,
    "pct2ResTime" : 150467.5,
    "pct3ResTime" : 154495.82,
    "throughput" : 2.53932576277576,
    "receivedKBytesPerSec" : 14.211792916472541,
    "sentKBytesPerSec" : 1.8772164086145025
  },
  "AddCertification" : {
    "transaction" : "AddCertification",
    "sampleCount" : 1524,
    "errorCount" : 0,
    "errorPct" : 0.0,
    "meanResTime" : 402.12926509186326,
    "medianResTime" : 312.0,
    "minResTime" : 279.0,
    "maxResTime" : 5448.0,
    "pct1ResTime" : 501.5,
    "pct2ResTime" : 647.25,
    "pct3ResTime" : 2581.75,
    "throughput" : 2.729187260927494,
    "receivedKBytesPerSec" : 0.559423788251601,
    "sentKBytesPerSec" : 1.7910291399836678
  },
  "AddLanguage" : {
    "transaction" : "AddLanguage",
    "sampleCount" : 1588,
    "errorCount" : 0,
    "errorPct" : 0.0,
    "meanResTime" : 432.1404282115869,
    "medianResTime" : 288.0,
    "minResTime" : 273.0,
    "maxResTime" : 11486.0,
    "pct1ResTime" : 475.0,
    "pct2ResTime" : 1135.1999999999998,
    "pct3ResTime" : 3840.22,
    "throughput" : 2.7704793906341045,
    "receivedKBytesPerSec" : 0.5652956130296274,
    "sentKBytesPerSec" : 1.6125055828300061
  },
  "AddSkill" : {
    "transaction" : "AddSkill",
    "sampleCount" : 1573,
    "errorCount" : 0,
    "errorPct" : 0.0,
    "meanResTime" : 379.8512396694215,
    "medianResTime" : 287.0,
    "minResTime" : 271.0,
    "maxResTime" : 4845.0,
    "pct1ResTime" : 417.0,
    "pct2ResTime" : 544.5999999999999,
    "pct3ResTime" : 3741.779999999998,
    "throughput" : 2.7618198162766525,
    "receivedKBytesPerSec" : 0.560037894915653,
    "sentKBytesPerSec" : 1.682983950543585
  },
  "UpdateLanguage" : {
    "transaction" : "UpdateLanguage",
    "sampleCount" : 1584,
    "errorCount" : 0,
    "errorPct" : 0.0,
    "meanResTime" : 1231.7260101010113,
    "medianResTime" : 1110.0,
    "minResTime" : 272.0,
    "maxResTime" : 13064.0,
    "pct1ResTime" : 1369.5,
    "pct2ResTime" : 2099.75,
    "pct3ResTime" : 6009.950000000015,
    "throughput" : 2.769308232398109,
    "receivedKBytesPerSec" : 0.5884756091298008,
    "sentKBytesPerSec" : 1.7136897623010432
  },
  "DeleteCertifiction" : {
    "transaction" : "DeleteCertifiction",
    "sampleCount" : 1515,
    "errorCount" : 305,
    "errorPct" : 20.132013,
    "meanResTime" : 280.8930693069305,
    "medianResTime" : 279.0,
    "minResTime" : 5.0,
    "maxResTime" : 3981.0,
    "pct1ResTime" : 325.0,
    "pct2ResTime" : 384.20000000000005,
    "pct3ResTime" : 1946.4399999999987,
    "throughput" : 2.7140858367714737,
    "receivedKBytesPerSec" : 0.5101244834951335,
    "sentKBytesPerSec" : 1.570744637553095
  },
  "Total" : {
    "transaction" : "Total",
    "sampleCount" : 28765,
    "errorCount" : 455,
    "errorPct" : 1.5817834,
    "meanResTime" : 3429.7751434034385,
    "medianResTime" : 582.0,
    "minResTime" : 2.0,
    "maxResTime" : 155894.0,
    "pct1ResTime" : 5426.9000000000015,
    "pct2ResTime" : 13383.600000000035,
    "pct3ResTime" : 108507.62000000005,
    "throughput" : 49.0090010273745,
    "receivedKBytesPerSec" : 27.60418086476651,
    "sentKBytesPerSec" : 31.260961376767025
  },
  "SignIn" : {
    "transaction" : "SignIn",
    "sampleCount" : 1594,
    "errorCount" : 0,
    "errorPct" : 0.0,
    "meanResTime" : 1446.3682559598496,
    "medianResTime" : 992.0,
    "minResTime" : 861.0,
    "maxResTime" : 13991.0,
    "pct1ResTime" : 2703.5,
    "pct2ResTime" : 3216.0,
    "pct3ResTime" : 7767.949999999988,
    "throughput" : 2.7391846028268247,
    "receivedKBytesPerSec" : 1.316092602139451,
    "sentKBytesPerSec" : 0.946228103385316
  },
  "DeleteLanguage" : {
    "transaction" : "DeleteLanguage",
    "sampleCount" : 1574,
    "errorCount" : 89,