{
  "DeleteEducation" : {
    "transaction" : "DeleteEducation",
    "sampleCount" : 1023,
    "errorCount" : 0,
    "errorPct" : 0.0,
    "meanResTime" : 553.1612903225816,
    "medianResTime" : 282.0,
    "minResTime" : 3.0,
    "maxResTime" : 64260.0,
    "pct1ResTime" : 1061.0,
    "pct2ResTime" : 1599.9999999999986,
    "pct3ResTime" : 3357.8,
    "throughput" : 1.3634964153239404,
    "receivedKBytesPerSec" : 0.2904942732817346,
    "sentKBytesPerSec" : 0.788310413187396
  },
  "ViewShareSkill" : {
    "transaction" : "ViewShareSkill",
    "sampleCount" : 1001,
    "errorCount" : 0,
    "errorPct" : 0.0,
    "meanResTime" : 404.77522477522507,
    "medianResTime" : 292.0,
    "minResTime" : 269.0,
    "maxResTime" : 2790.0,
    "pct1ResTime" : 488.8000000000004,
    "pct2ResTime" : 1198.4999999999995,
    "pct3ResTime" : 2201.88,
    "throughput" : 1.6895085066162572,
    "receivedKBytesPerSec" : 0.2903842745746692,
    "sentKBytesPerSec" : 0.9288996965087429
  },
  "SignOut" : {
    "transaction" : "SignOut",
    "sampleCount" : 540,
    "errorCount" : 0,
    "errorPct" : 0.0,
    "meanResTime" : 19.048148148148147,
    "medianResTime" : 6.0,
    "minResTime" : 2.0,
    "maxResTime" : 389.0,
    "pct1ResTime" : 32.900000000000034,
    "pct2ResTime" : 69.89999999999986,
    "pct3ResTime" : 338.6500000000011,
    "throughput" : 0.9187032673511573,
    "receivedKBytesPerSec" : 1.8131829133952042,
    "sentKBytesPerSec" : 0.10766053914271376
  },
  "AddShareSkill" : {
    "transaction" : "AddShareSkill",
    "sampleCount" : 1021,
    "errorCount" : 0,
    "errorPct" : 0.0,
    "meanResTime" : 48945.45543584729,
    "medianResTime" : 20036.0,
    "minResTime" : 545.0,
    "maxResTime" : 204802.0,
    "pct1ResTime" : 149632.2,
    "pct2ResTime" : 199804.3,
    "pct3ResTime" : 201476.84,
    "throughput" : 1.6910777017906211,
    "receivedKBytesPerSec" : 0.3699232472666984,
    "sentKBytesPerSec" : 2.7777272406365476
  },
  "DeleteShareSkill" : {
    "transaction" : "DeleteShareSkill",
    "sampleCount" : 978,
    "errorCount" : 0,
    "errorPct" : 0.0,
    "meanResTime" : 26737.41922290386,
    "medianResTime" : 9889.0,
    "minResTime" : 1095.0,
    "maxResTime" : 248856.0,
    "pct1ResTime" : 74336.3,
    "pct2ResTime" : 75548.0,
    "pct3ResTime" : 244346.54000000007,
    "throughput" : 1.654419227802363,
    "receivedKBytesPerSec" : 0.3069723176586415,
    "sentKBytesPerSec" : 0.9499985409646381
  },
  "Disable/Enable" : {
    "transaction" : "Disable/Enable",
    "sampleCount" : 1001,
    "errorCount" : 0,
    "errorPct" : 0.0,
    "meanResTime" : 30628.807192807224,
    "medianResTime" : 10391.0,
    "minResTime" : 814.0,
    "maxResTime" : 245185.0,
    "pct1ResTime" : 72789.2,
    "pct2ResTime" : 154069.9,
    "pct3ResTime" : 204795.70000000004,
    "throughput" : 1.6733366097966251,
    "receivedKBytesPerSec" : 0.3104823787708582,
    "sentKBytesPerSec" : 0.9445200785766107
  },
  "UpdateSkill" : {
    "transaction" : "UpdateSkill",
    "sampleCount" : 1030,
    "errorCount" : 0,
    "errorPct" : 0.0,
    "meanResTime" : 2306.1029126213607,
    "medianResTime" : 1112.0,
    "minResTime" : 273.0,
    "maxResTime" : 185442.0,
    "pct1ResTime" : 5157.599999999999,
    "pct2ResTime" : 5735.949999999996,
    "pct3ResTime" : 6447.819999999995,
    "throughput" : 1.2950436291397391,
    "receivedKBytesPerSec" : 0.26940620520783565,
    "sentKBytesPerSec" : 0.8369860393825282
  },
  "UpdateEducation" : {
    "transaction" : "UpdateEducation",
    "sampleCount" : 1024,
    "errorCount" : 84,
    "errorPct" : 8.203125,
    "meanResTime" : 1661.6230468749982,
    "medianResTime" : 1139.0,
    "minResTime" : 6.0,
    "maxResTime" : 150219.0,
    "pct1ResTime" : 2794.5,
    "pct2ResTime" : 4634.5,
    "pct3ResTime" : 6239.25,
    "throughput" : 1.3126875611316289,
    "receivedKBytesPerSec" : 0.27077335676899394,
    "sentKBytesPerSec" : 0.9384065588228885
  },
  "SearchSkillByCategory" : {
    "transaction" : "SearchSkillByCategory",
    "sampleCount" : 918,
    "errorCount" : 0,
    "errorPct" : 0.0,
    "meanResTime" : 116843.41938997815,
    "medianResTime" : 129747.0,
    "minResTime" : 3713.0,
    "maxResTime" : 267828.0,
    "pct1ResTime" : 153239.30000000002,
    "pct2ResTime" : 159515.84999999998,
    "pct3ResTime" : 254278.84999999998,
    "throughput" : 1.4762307551290175,
    "receivedKBytesPerSec" : 8.261990681293359,
    "sentKBytesPerSec" : 1.0913151187819006
  },
  "AddCertification" : {
    "transaction" : "AddCertification",
    "sampleCount" : 1023,
    "errorCount" : 0,
    "errorPct" : 0.0,
    "meanResTime" : 688.6979472140754,
    "medianResTime" : 324.0,
    "minResTime" : 279.0,
    "maxResTime" : 84523.0,
    "pct1ResTime" : 1433.8000000000002,
    "pct2ResTime" : 2190.199999999999,
    "pct3ResTime" : 3121.52,
    "throughput" : 1.4905192485335212,
    "receivedKBytesPerSec" : 0.3122336976278452,
    "sentKBytesPerSec" : 0.9781532568501234
  },
  "AddLanguage" : {
    "transaction" : "AddLanguage",
    "sampleCount" : 1033,
    "errorCount" : 0,
    "errorPct" : 0.0,
    "meanResTime" : 22611.160696999017,
    "medianResTime" : 291.0,
    "minResTime" : 273.0,
    "maxResTime" : 201433.0,
    "pct1ResTime" : 130988.40000000001,
    "pct2ResTime" : 177203.5,
    "pct3ResTime" : 180249.6,
    "throughput" : 1.2838167012994761,
    "receivedKBytesPerSec" : 0.26300479015562395,
    "sentKBytesPerSec" : 0.7472214394282107
  },
  "AddSkill" : {
    "transaction" : "AddSkill",
    "sampleCount" : 1030,
    "errorCount" : 0,
    "errorPct" : 0.0,
    "meanResTime" : 724.2999999999993,
    "medianResTime" : 289.0,
    "minResTime" : 271.0,
    "maxResTime" : 84676.0,
    "pct1ResTime" : 1970.6999999999998,
    "pct2ResTime" : 2246.8999999999996,
    "pct3ResTime" : 2690.349999999999,
    "throughput" : 1.2900817761545293,
    "receivedKBytesPerSec" : 0.2625261128051263,
    "sentKBytesPerSec" : 0.7861435823441663
  },
  "UpdateLanguage" : {
    "transaction" : "UpdateLanguage",
    "sampleCount" : 1033,
    "errorCount" : 0,
    "errorPct" : 0.0,
    "meanResTime" : 4462.580832526627,
    "medianResTime" : 1110.0,
    "minResTime" : 272.0,
    "maxResTime" : 201929.0,
    "pct1ResTime" : 3246.6,
    "pct2ResTime" : 4765.799999999999,
    "pct3ResTime" : 88272.15999999999,
    "throughput" : 1.2857630063703147,
    "receivedKBytesPerSec" : 0.27449509608371275,
    "sentKBytesPerSec" : 0.7949316039893505
  },
  "DeleteCertifiction" : {
    "transaction" : "DeleteCertifiction",
    "sampleCount" : 1023,
    "errorCount" : 500,
    "errorPct" : 48.875854,
    "meanResTime" : 405.55425219941316,
    "medianResTime" : 273.0,
    "minResTime" : 5.0,
    "maxResTime" : 5106.0,
    "pct1ResTime" : 1039.8000000000004,
    "pct2ResTime" : 2103.3999999999996,
    "pct3ResTime" : 3613.999999999999,
    "throughput" : 1.6997251861722453,
    "receivedKBytesPerSec" : 0.2708051092900034,
    "sentKBytesPerSec" : 0.9722610701248792
  },
  "Total" : {
    "transaction" : "Total",
    "sampleCount" : 18824,
    "errorCount" : 666,
    "errorPct" : 3.5380366,
    "meanResTime" : 13648.684817254607,
    "medianResTime" : 867.0,
    "minResTime" : 2.0,
    "maxResTime" : 267828.0,
    "pct1ResTime" : 43484.5,
    "pct2ResTime" : 121393.0,
    "pct3ResTime" : 180316.0,
    "throughput" : 22.454379104926268,
    "receivedKBytesPerSec" : 11.861888428610964,
    "sentKBytesPerSec" : 14.535539912617109
  },
  "SignIn" : {
    "transaction" : "SignIn",
    "sampleCount" : 1040,
    "errorCount" : 0,
    "errorPct" : 0.0,
    "meanResTime" : 3832.474038461533,
    "medianResTime" : 987.5,
    "minResTime" : 860.0,
    "maxResTime" : 29625.0,
    "pct1ResTime" : 9227.099999999999,
    "pct2ResTime" : 25329.999999999996,
    "pct3ResTime" : 28420.49999999999,
    "throughput" : 1.28570298283092,
    "receivedKBytesPerSec" : 0.6177401050320437,
    "sentKBytesPerSec" : 0.4441516102657202
  },
  "DeleteLanguage" : {
    "transaction" : "DeleteLanguage",