{
  "DeleteEducation" : {
    "transaction" : "DeleteEducation",
    "sampleCount" : 1136,
    "errorCount" : 0,
    "errorPct" : 0.0,
    "meanResTime" : 275.323063380282,
    "medianResTime" : 277.0,
    "minResTime" : 3.0,
    "maxResTime" : 2313.0,
    "pct1ResTime" : 294.0,
    "pct2ResTime" : 304.14999999999986,
    "pct3ResTime" : 324.25999999999976,
    "throughput" : 3.849659935409755,
    "receivedKBytesPerSec" : 0.8197749274799977,
    "sentKBytesPerSec" : 2.2304825037022478
  },
  "ViewShareSkill" : {
    "transaction" : "ViewShareSkill",
    "sampleCount" : 1123,
    "errorCount" : 0,
    "errorPct" : 0.0,
    "meanResTime" : 281.62065894924325,
    "medianResTime" : 276.0,
    "minResTime" : 268.0,
    "maxResTime" : 2317.0,
    "pct1ResTime" : 294.0,
    "pct2ResTime" : 302.0,
    "pct3ResTime" : 319.76,
    "throughput" : 3.8606189366280947,
    "receivedKBytesPerSec" : 0.6635438797329537,
    "sentKBytesPerSec" : 2.122586388009392
  },
  "SignOut" : {
    "transaction" : "SignOut",
    "sampleCount" : 1071,
    "errorCount" : 0,
    "errorPct" : 0.0,
    "meanResTime" : 8.144724556489267,
    "medianResTime" : 5.0,
    "minResTime" : 2.0,
    "maxResTime" : 360.0,
    "pct1ResTime" : 14.0,
    "pct2ResTime" : 20.0,
    "pct3ResTime" : 34.559999999999945,
    "throughput" : 3.790801554547192,
    "receivedKBytesPerSec" : 7.481650333730347,
    "sentKBytesPerSec" : 0.4442345571734991
  },
  "AddShareSkill" : {
    "transaction" : "AddShareSkill",
    "sampleCount" : 1125,
    "errorCount" : 0,
    "errorPct" : 0.0,
    "meanResTime" : 623.7440000000004,
    "medianResTime" : 558.0,
    "minResTime" : 539.0,
    "maxResTime" : 3014.0,
    "pct1ResTime" : 593.0,
    "pct2ResTime" : 618.4000000000001,
    "pct3ResTime" : 2543.44,
    "throughput" : 3.835728532705979,
    "receivedKBytesPerSec" : 0.8390656165294328,
    "sentKBytesPerSec" : 6.300483781261187
  },
  "DeleteShareSkill" : {
    "transaction" : "DeleteShareSkill",
    "sampleCount" : 1115,
    "errorCount" : 0,
    "errorPct" : 0.0,
    "meanResTime" : 1127.1766816143493,
    "medianResTime" : 1105.0,
    "minResTime" : 1076.0,
    "maxResTime" : 3426.0,
    "pct1ResTime" : 1143.0,
    "pct2ResTime" : 1171.0,
    "pct3ResTime" : 1849.319999999992,
    "throughput" : 3.8541173379974487,
    "receivedKBytesPerSec" : 0.7151194279487455,
    "sentKBytesPerSec" : 2.2131064401782226
  },
  "Disable/Enable" : {
    "transaction" : "Disable/Enable",
    "sampleCount" : 1121,
    "errorCount" : 0,
    "errorPct" : 0.0,
    "meanResTime" : 865.8840321141844,
    "medianResTime" : 824.0,
    "minResTime" : 805.0,
    "maxResTime" : 2916.0,
    "pct1ResTime" : 857.8000000000001,
    "pct2ResTime" : 877.7999999999997,
    "pct3ResTime" : 2770.7799999999997,
    "throughput" : 3.84681376754401,
    "receivedKBytesPerSec" : 0.7137642732747674,
    "sentKBytesPerSec" : 2.1713460523832397
  },
  "UpdateSkill" : {
    "transaction" : "UpdateSkill",
    "sampleCount" : 1154,
    "errorCount" : 0,
    "errorPct" : 0.0,
    "meanResTime" : 1065.641247833623,
    "medianResTime" : 1100.0,
    "minResTime" : 274.0,
    "maxResTime" : 3039.0,
    "pct1ResTime" : 1137.5,
    "pct2ResTime" : 1151.25,
    "pct3ResTime" : 1199.3500000000001,
    "throughput" : 3.891260512135742,
    "receivedKBytesPerSec" : 0.7975415185104632,
    "sentKBytesPerSec" : 2.5176280592253897
  },
  "UpdateEducation" : {
    "transaction" : "UpdateEducation",
    "sampleCount" : 1145,
    "errorCount" : 33,
    "errorPct" : 2.882096,
    "meanResTime" : 1120.894323144105,
    "medianResTime" : 1166.0,
    "minResTime" : 6.0,
    "maxResTime" : 3650.0,
    "pct1ResTime" : 1457.0,
    "pct2ResTime" : 1608.6000000000004,
    "pct3ResTime" : 1900.3399999999992,
    "throughput" : 3.8652920405366173,
    "receivedKBytesPerSec" : 0.814619660115925,
    "sentKBytesPerSec" : 2.7680182846036474
  },
  "SearchSkillByCategory" : {
    "transaction" : "SearchSkillByCategory",
    "sampleCount" : 1102,
    "errorCount" : 0,
    "errorPct" : 0.0,
    "meanResTime" : 5912.508166969154,
    "medianResTime" : 4847.5,
    "minResTime" : 3637.0,
    "maxResTime" : 13122.0,
    "pct1ResTime" : 9880.5,
    "pct2ResTime" : 10573.7,
    "pct3ResTime" : 11627.650000000003,
    "throughput" : 3.774554297751366,
    "receivedKBytesPerSec" : 21.1249713675909,
    "sentKBytesPerSec" : 2.7903687533181487
  },
  "AddCertification" : {
    "transaction" : "AddCertification",
    "sampleCount" : 1134,
    "errorCount" : 0,
    "errorPct" : 0.0,
    "meanResTime" : 344.28659611993015,
    "medianResTime" : 304.5,
    "minResTime" : 280.0,
    "maxResTime" : 2342.0,
    "pct1ResTime" : 375.0,
    "pct2ResTime" : 571.25,
    "pct3ResTime" : 896.4500000000012,
    "throughput" : 3.8435205835101445,
    "receivedKBytesPerSec" : 0.785858718843419,
    "sentKBytesPerSec" : 2.5223103829285325
  },
  "AddLanguage" : {
    "transaction" : "AddLanguage",
    "sampleCount" : 1166,
    "errorCount" : 0,
    "errorPct" : 0.0,
    "meanResTime" : 315.40994854202444,
    "medianResTime" : 283.0,
    "minResTime" : 272.0,
    "maxResTime" : 2404.0,
    "pct1ResTime" : 304.0,
    "pct2ResTime" : 315.64999999999986,
    "pct3ResTime" : 2224.6499999999996,
    "throughput" : 3.8668683009657223,
    "receivedKBytesPerSec" : 0.7887092047052425,
    "sentKBytesPerSec" : 2.2506381907964554
  },
  "AddSkill" : {
    "transaction" : "AddSkill",
    "sampleCount" : 1156,
    "errorCount" : 0,
    "errorPct" : 0.0,
    "meanResTime" : 298.7577854671284,
    "medianResTime" : 281.0,
    "minResTime" : 271.0,
    "maxResTime" : 2364.0,
    "pct1ResTime" : 302.0,
    "pct2ResTime" : 311.0,
    "pct3ResTime" : 371.0400000000018,
    "throughput" : 3.875267346514606,
    "receivedKBytesPerSec" : 0.785467883638058,
    "sentKBytesPerSec" : 2.361491039282338
  },
  "UpdateLanguage" : {
    "transaction" : "UpdateLanguage",
    "sampleCount" : 1163,
    "errorCount" : 0,
    "errorPct" : 0.0,
    "meanResTime" : 1053.3619948409278,
    "medianResTime" : 1099.0,
    "minResTime" : 271.0,
    "maxResTime" : 3136.0,
    "pct1ResTime" : 1134.0,
    "pct2ResTime" : 1146.0,
    "pct3ResTime" : 3042.08,
    "throughput" : 3.8808450431631387,
    "receivedKBytesPerSec" : 0.8234028063965536,
    "sentKBytesPerSec" : 2.4017297425644943
  },
  "DeleteCertifiction" : {
    "transaction" : "DeleteCertifiction",
    "sampleCount" : 1133,
    "errorCount" : 182,
    "errorPct" : 16.063549,
    "meanResTime" : 244.79258605472174,
    "medianResTime" : 276.0,
    "minResTime" : 6.0,
    "maxResTime" : 2218.0,
    "pct1ResTime" : 294.0,
    "pct2ResTime" : 301.29999999999995,
    "pct3ResTime" : 328.32000000000016,
    "throughput" : 3.840560796450278,
    "receivedKBytesPerSec" : 0.7374146053594974,
    "sentKBytesPerSec" : 2.225809345011508
  },
  "Total" : {
    "transaction" : "Total",
    "sampleCount" : 21597,
    "errorCount" : 277,
    "errorPct" : 1.2825855,
    "meanResTime" : 859.978608140023,
    "medianResTime" : 385.0,
    "minResTime" : 2.0,
    "maxResTime" : 13122.0,
    "pct1ResTime" : 1161.0,
    "pct2ResTime" : 3708.9500000000007,
    "pct3ResTime" : 8730.390000000098,
    "throughput" : 69.20407463542651,
    "receivedKBytesPerSec" : 40.040201541806994,
    "sentKBytesPerSec" : 44.00602280246542
  },
  "SignIn" : {
    "transaction" : "SignIn",
    "sampleCount" : 1170,
    "errorCount" : 0,
    "errorPct" : 0.0,
    "meanResTime" : 1071.9965811965806,
    "medianResTime" : 951.0,
    "minResTime" : 864.0,
    "maxResTime" : 6689.0,
    "pct1ResTime" : 1321.9,
    "pct2ResTime" : 1500.5000000000005,
    "pct3ResTime" : 4027.0,
    "throughput" : 3.807156151973864,
    "receivedKBytesPerSec" : 1.8292195573936927,
    "sentKBytesPerSec" : 1.3151161996121257
  },
  "DeleteLanguage" : {
    "transaction" : "DeleteLanguage",
    "sampleCount" : 1156,
    "errorCount" : 62,
    "errorPct" : 5.363322,
    "meanResTime" : 270.99653979238735,
    "medianResTime" : 278.0,
    "minResTime" : 7.0,